"test1","test2","cx","cy","rx","ry","slope"
"AVLTTOTAL","AVLT_DELRE","3.5","3.5","1.6151199372651","1.28514919739373","1"
"AVLTTOTAL","AVLTRECOGN","3.5","3.5","2.025922075961","1.34909546565682","1"
"AVLTTOTAL","RBMTPR1IMM","3.5","3.5","2.57150987551999","1.41612450819334","1"
"AVLTTOTAL","RBMTPR1DEL","3.5","3.5","2.39807747406338","1.39319123125174","1"
"AVLTTOTAL","RBMTPR2IMM","3.5","3.5","2.57491296961747","1.43806460189957","1"
"AVLTTOTAL","RBMTPR2DEL","3.5","3.5","2.16009616523028","1.43039925035383","1"
"AVLTTOTAL","RBMTPRIMME","3.5","3.5","2.37123895436885","1.44868262227694","1"
"AVLTTOTAL","RBMTPRDELA","3.5","3.5","2.10454019196946","1.39361050743391","1"
"AVLTTOTAL","TMTA","3.5","3.5","1.72868710686824","1.43733534728371","1"
"AVLTTOTAL","TMTB","3.5","3.5","1.58652702954829","1.39765476412587","1"
"AVLTTOTAL","STROOP_CAR","3.5","3.5","2.18126666346896","1.43638472166143","1"
"AVLTTOTAL","STROOP_CAR","3.5","3.5","1.01886304417683","0.698918797395926","1"
"AVLTTOTAL","STROOP_CAR","3.5","3.5","1.84431080374504","1.41612450819334","1"
"AVLTTOTAL","LF_LETTER1","3.5","3.5","2.19947866522669","1.43560239229791","1"
"AVLTTOTAL","LF_LETTER2","3.5","3.5","2.31077363536465","1.42944408791627","1"
"AVLTTOTAL","LF_LETTER3","3.5","3.5","2.14127856824164","1.43560239229791","1"
"AVLTTOTAL","LF_TOTALLE","3.5","3.5","2.11708358834315","1.44059021183809","1"
"AVLTTOTAL","SFANIMAL","3.5","3.5","2.04551042699326","1.44331605814066","1"
"AVLTTOTAL","DARTRAW","3.5","3.5","1.85960079212564","1.44662768585858","1"
"AVLTTOTAL","HADS_ANXIE","3.5","3.5","2.69036433919397","1.42459363935852","1"
"AVLTTOTAL","HADS_DEPRE","3.5","3.5","2.54068734806324","1.42432472542939","1"
"AVLTTOTAL","HADS_TOTAL","3.5","3.5","2.76241040147453","1.44465278946371","1"
"AVLT_DELRE","AVLTTOTAL","3.5","3.5","1.28514919739373","1.6151199372651","1"
"AVLT_DELRE","AVLTRECOGN","3.5","3.5","2.1129791073797","1.76834247006805","1"
"AVLT_DELRE","RBMTPR1IMM","3.5","3.5","2.54012978962459","1.75800610556344","1"
"AVLT_DELRE","RBMTPR1DEL","3.5","3.5","2.42258766823549","1.76879806198941","1"
"AVLT_DELRE","RBMTPR2IMM","3.5","3.5","2.55947758985008","1.79646351589477","1"
"AVLT_DELRE","RBMTPR2DEL","3.5","3.5","2.14714060079299","1.78688211072705","1"
"AVLT_DELRE","RBMTPRIMME","3.5","3.5","2.14024672862285","1.64328541392714","1"
"AVLT_DELRE","RBMTPRDELA","3.5","3.5","2.18195926833275","1.81585871995477","1"
"AVLT_DELRE","TMTA","3.5","3.5","1.72145643717607","1.7988252658132","1"
"AVLT_DELRE","TMTB","3.5","3.5","1.60713811901636","1.77933148891097","1"
"AVLT_DELRE","STROOP_CAR","3.5","3.5","2.18667927512981","1.80966560700398","1"
"AVLT_DELRE","STROOP_CAR","3.5","3.5","1.37781500655264","1.18782661051584","1"
"AVLT_DELRE","STROOP_CAR","3.5","3.5","1.88231542018971","1.8163977595605","-1"
"AVLT_DELRE","LF_LETTER1","3.5","3.5","2.20433230459323","1.80818438215806","1"
"AVLT_DELRE","LF_LETTER2","3.5","3.5","2.30027447010207","1.78830115543986","1"
"AVLT_DELRE","LF_LETTER3","3.5","3.5","2.1378786303133","1.80133827967508","1"
"AVLT_DELRE","LF_TOTALLE","3.5","3.5","2.10210700643215","1.79766392274198","1"
"AVLT_DELRE","SFANIMAL","3.5","3.5","2.04142319826552","1.81027277653104","1"
"AVLT_DELRE","DARTRAW","3.5","3.5","1.81454082750958","1.7740057498911","1"
"AVLT_DELRE","HADS_ANXIE","3.5","3.5","2.68351006136424","1.78580633779517","1"
"AVLT_DELRE","HADS_DEPRE","3.5","3.5","2.52494292173103","1.77893705849231","1"
"AVLT_DELRE","HADS_TOTAL","3.5","3.5","1.90256395737629","1.2504483960141","1"
"AVLTRECOGN","AVLTTOTAL","3.5","3.5","1.34909546565682","2.025922075961","1"
"AVLTRECOGN","AVLT_DELRE","3.5","3.5","1.76834247006805","2.1129791073797","1"
"AVLTRECOGN","RBMTPR1IMM","3.5","3.5","2.5686288364223","2.12419631216691","1"
"AVLTRECOGN","RBMTPR1DEL","3.5","3.5","2.48685149666889","2.16958879346285","1"
"AVLTRECOGN","RBMTPR2IMM","3.5","3.5","2.56365390045156","2.15008331839758","1"
"AVLTRECOGN","RBMTPR2DEL","3.5","3.5","2.16044837911316","2.14836533448724","1"
"AVLTRECOGN","RBMTPRIMME","3.5","3.5","2.314284196326","2.12321842160353","1"
"AVLTRECOGN","RBMTPRDELA","3.5","3.5","2.1764188378583","2.16424647299332","1"
"AVLTRECOGN","TMTA","3.5","3.5","1.7191962678993","2.14658073337426","1"
"AVLTRECOGN","TMTB","3.5","3.5","1.5633141570744","2.06813435362967","1"
"AVLTRECOGN","STROOP_CAR","3.5","3.5","2.18184728599613","2.1575775720251","1"
"AVLTRECOGN","STROOP_CAR","3.5","3.5","2.11007121787288","2.17364230902548","1"
"AVLTRECOGN","STROOP_CAR","3.5","3.5","1.85809377992488","2.14247129747499","1"
"AVLTRECOGN","LF_LETTER1","3.5","3.5","2.21910769202548","2.17506806858947","1"
"AVLTRECOGN","LF_LETTER2","3.5","3.5","2.30162129050976","2.13807871187374","1"
"AVLTRECOGN","LF_LETTER3","3.5","3.5","2.13386568093615","2.14836533448724","1"
"AVLTRECOGN","LF_TOTALLE","3.5","3.5","2.1041310315027","2.15008331839758","1"
"AVLTRECOGN","SFANIMAL","3.5","3.5","2.05008322381751","2.17225743262666","1"
"AVLTRECOGN","DARTRAW","3.5","3.5","1.83720237736017","2.14621933439316","1"
"AVLTRECOGN","HADS_ANXIE","3.5","3.5","2.67259215208661","2.125164958144","1"
"AVLTRECOGN","HADS_DEPRE","3.5","3.5","2.50668901168295","2.11027133653991","1"
"AVLTRECOGN","HADS_TOTAL","3.5","3.5","2.67254255572718","2.09884304950659","1"
"RBMTPR1IMM","AVLTTOTAL","3.5","3.5","1.41612450819334","2.57150987551999","1"
"RBMTPR1IMM","AVLT_DELRE","3.5","3.5","1.75800610556344","2.54012978962459","1"
"RBMTPR1IMM","AVLTRECOGN","3.5","3.5","2.12419631216691","2.5686288364223","1"
"RBMTPR1IMM","RBMTPR1DEL","3.5","3.5","2.47500725680651","2.61102335727871","1"
"RBMTPR1IMM","RBMTPR2IMM","3.5","3.5","2.55817691030061","2.59437752695581","1"
"RBMTPR1IMM","RBMTPR2DEL","3.5","3.5","2.16385824495848","2.60195482475432","1"
"RBMTPR1IMM","RBMTPRIMME","3.5","3.5","2.27350763566104","2.52220919332881","1"
"RBMTPR1IMM","RBMTPRDELA","3.5","3.5","2.18073648375696","2.62225024612833","1"
"RBMTPR1IMM","TMTA","3.5","3.5","1.72360218915159","2.60234881086793","1"
"RBMTPR1IMM","TMTB","3.5","3.5","1.57812130200931","2.52452440425596","1"
"RBMTPR1IMM","STROOP_CAR","3.5","3.5","2.178229585478","2.60466830299093","1"
"RBMTPR1IMM","STROOP_CAR","3.5","3.5","2.0868719944428","2.59952189342527","1"
"RBMTPR1IMM","STROOP_CAR","3.5","3.5","1.88647277044206","2.63029601585631","-1"
"RBMTPR1IMM","LF_LETTER1","3.5","3.5","2.20687823698072","2.61564950910063","1"
"RBMTPR1IMM","LF_LETTER2","3.5","3.5","2.3399051628092","2.62842011496332","1"
"RBMTPR1IMM","LF_LETTER3","3.5","3.5","2.13755720929896","2.60234881086793","1"
"RBMTPR1IMM","LF_TOTALLE","3.5","3.5","2.1207043690852","2.62041057099607","1"
"RBMTPR1IMM","SFANIMAL","3.5","3.5","2.04495023829251","2.6201686605059","1"
"RBMTPR1IMM","DARTRAW","3.5","3.5","1.80454899003529","2.5491329359894","1"
"RBMTPR1IMM","HADS_ANXIE","3.5","3.5","2.68778093311803","2.58440474338272","1"
"RBMTPR1IMM","HADS_DEPRE","3.5","3.5","2.55936679020773","2.60541600328912","1"
"RBMTPR1IMM","HADS_TOTAL","3.5","3.5","2.74356364253329","2.60541600328912","1"
"RBMTPR1DEL","AVLTTOTAL","3.5","3.5","1.39319123125174","2.39807747406337","1"
"RBMTPR1DEL","AVLT_DELRE","3.5","3.5","1.76879806198941","2.42258766823549","1"
"RBMTPR1DEL","AVLTRECOGN","3.5","3.5","2.16958879346285","2.48685149666889","1"
"RBMTPR1DEL","RBMTPR1IMM","3.5","3.5","2.61102335727871","2.47500725680651","1"
"RBMTPR1DEL","RBMTPR2IMM","3.5","3.5","2.55223591876131","2.45351735963941","1"
"RBMTPR1DEL","RBMTPR2DEL","3.5","3.5","2.18817618498034","2.49412923097871","1"
"RBMTPR1DEL","RBMTPRIMME","3.5","3.5","2.3126747298118","2.43200779120559","1"
"RBMTPR1DEL","RBMTPRDELA","3.5","3.5","2.17402008625219","2.47799381195859","1"
"RBMTPR1DEL","TMTA","3.5","3.5","1.7327901382764","2.47993420070737","1"
"RBMTPR1DEL","TMTB","3.5","3.5","1.64257306704576","2.49074695732087","1"
"RBMTPR1DEL","STROOP_CAR","3.5","3.5","2.18566988817202","2.47741670305594","1"
"RBMTPR1DEL","STROOP_CAR","3.5","3.5","2.11132395737301","2.4929769554613","1"
"RBMTPR1DEL","STROOP_CAR","3.5","3.5","1.6566150386778","2.18948213283097","1"
"RBMTPR1DEL","LF_LETTER1","3.5","3.5","2.18009294083864","2.44929956638873","1"
"RBMTPR1DEL","LF_LETTER2","3.5","3.5","2.32749028580369","2.47827858018178","1"
"RBMTPR1DEL","LF_LETTER3","3.5","3.5","2.1604521159037","2.49320578267935","1"
"RBMTPR1DEL","LF_TOTALLE","3.5","3.5","2.11061903659274","2.47209287159541","1"
"RBMTPR1DEL","SFANIMAL","3.5","3.5","2.00875017806407","2.43970969183229","1"
"RBMTPR1DEL","DARTRAW","3.5","3.5","1.81280120645082","2.42739084017528","1"
"RBMTPR1DEL","HADS_ANXIE","3.5","3.5","2.70885503511057","2.46898325650954","1"
"RBMTPR1DEL","HADS_DEPRE","3.5","3.5","2.57901182772482","2.48864872391249","1"
"RBMTPR1DEL","HADS_TOTAL","3.5","3.5","2.76951825081633","2.49305573991329","1"
"RBMTPR2IMM","AVLTTOTAL","3.5","3.5","1.43806460189957","2.57491296961747","1"
"RBMTPR2IMM","AVLT_DELRE","3.5","3.5","1.79646351589477","2.55947758985008","1"
"RBMTPR2IMM","AVLTRECOGN","3.5","3.5","2.15008331839758","2.56365390045156","1"
"RBMTPR2IMM","RBMTPR1IMM","3.5","3.5","2.59437752695581","2.55817691030061","1"
"RBMTPR2IMM","RBMTPR1DEL","3.5","3.5","2.45351735963941","2.55223591876131","1"
"RBMTPR2IMM","RBMTPR2DEL","3.5","3.5","2.18823212910412","2.59454816202502","1"
"RBMTPR2IMM","RBMTPRIMME","3.5","3.5","2.31794704128267","2.5356283423732","1"
"RBMTPR2IMM","RBMTPRDELA","3.5","3.5","2.16942484198246","2.57224869407316","1"
"RBMTPR2IMM","TMTA","3.5","3.5","1.7427818910016","2.59459101750238","1"
"RBMTPR2IMM","TMTB","3.5","3.5","1.63948222287785","2.5860880301347","1"
"RBMTPR2IMM","STROOP_CAR","3.5","3.5","2.20036615520332","2.59442505507844","-1"
"RBMTPR2IMM","STROOP_CAR","3.5","3.5","2.10181660480955","2.5816055632655","1"
"RBMTPR2IMM","STROOP_CAR","3.5","3.5","1.63762765077198","2.25147251597704","1"
"RBMTPR2IMM","LF_LETTER1","3.5","3.5","2.18136939445386","2.54934019638489","1"
"RBMTPR2IMM","LF_LETTER2","3.5","3.5","2.33212164099788","2.58312323872284","1"
"RBMTPR2IMM","LF_LETTER3","3.5","3.5","2.15511189478503","2.58711054187105","1"
"RBMTPR2IMM","LF_TOTALLE","3.5","3.5","2.12089799801013","2.58408261826522","1"
"RBMTPR2IMM","SFANIMAL","3.5","3.5","1.99313568041124","2.51814519813577","1"
"RBMTPR2IMM","DARTRAW","3.5","3.5","1.79766311950183","2.5039722820919","1"
"RBMTPR2IMM","HADS_ANXIE","3.5","3.5","2.73273544650163","2.59096562906237","-1"
"RBMTPR2IMM","HADS_DEPRE","3.5","3.5","2.5736146819277","2.58336322238955","-1"
"RBMTPR2IMM","HADS_TOTAL","3.5","3.5","2.77005078023935","2.59386380481776","1"
"RBMTPR2DEL","AVLTTOTAL","3.5","3.5","1.43039925035383","2.16009616523028","1"
"RBMTPR2DEL","AVLT_DELRE","3.5","3.5","1.78688211072705","2.14714060079299","1"
"RBMTPR2DEL","AVLTRECOGN","3.5","3.5","2.14836533448724","2.16044837911316","1"
"RBMTPR2DEL","RBMTPR1IMM","3.5","3.5","2.60195482475432","2.16385824495848","1"
"RBMTPR2DEL","RBMTPR1DEL","3.5","3.5","2.49412923097871","2.18817618498034","1"
"RBMTPR2DEL","RBMTPR2IMM","3.5","3.5","2.59454816202502","2.18823212910412","1"
"RBMTPR2DEL","RBMTPRIMME","3.5","3.5","2.30077821177839","2.12269940281721","1"
"RBMTPR2DEL","RBMTPRDELA","3.5","3.5","2.16704422862556","2.16704422862556","1"
"RBMTPR2DEL","TMTA","3.5","3.5","1.737487814355","2.18162093544013","1"
"RBMTPR2DEL","TMTB","3.5","3.5","1.64248474916615","2.18509131808712","1"
"RBMTPR2DEL","STROOP_CAR","3.5","3.5","2.19909756532895","2.1868667668566","1"
"RBMTPR2DEL","STROOP_CAR","3.5","3.5","2.10344702699218","2.17900537906258","1"
"RBMTPR2DEL","STROOP_CAR","3.5","3.5","1.2958275716759","1.50255492746855","1"
"RBMTPR2DEL","LF_LETTER1","3.5","3.5","2.21662437118295","2.18485356983192","1"
"RBMTPR2DEL","LF_LETTER2","3.5","3.5","2.33421610037762","2.18055297151264","1"
"RBMTPR2DEL","LF_LETTER3","3.5","3.5","2.15511189478503","2.18195926833275","1"
"RBMTPR2DEL","LF_TOTALLE","3.5","3.5","2.11638005369079","2.17476295172364","1"
"RBMTPR2DEL","SFANIMAL","3.5","3.5","2.05348617950849","2.18810088734278","-1"
"RBMTPR2DEL","DARTRAW","3.5","3.5","1.81147255234358","2.1280636817282","1"
"RBMTPR2DEL","HADS_ANXIE","3.5","3.5","2.73634987924969","2.18810088734278","-1"
"RBMTPR2DEL","HADS_DEPRE","3.5","3.5","2.58323810354833","2.18694589448125","-1"
"RBMTPR2DEL","HADS_TOTAL","3.5","3.5","2.76498966495322","2.18365791560793","1"
"RBMTPRIMME","AVLTTOTAL","3.5","3.5","1.44868262227694","2.37123895436885","1"
"RBMTPRIMME","AVLT_DELRE","3.5","3.5","1.64328541392714","2.14024672862285","1"
"RBMTPRIMME","AVLTRECOGN","3.5","3.5","2.12321842160353","2.314284196326","1"
"RBMTPRIMME","RBMTPR1IMM","3.5","3.5","2.52220919332881","2.27350763566104","1"
"RBMTPRIMME","RBMTPR1DEL","3.5","3.5","2.43200779120559","2.3126747298118","1"
"RBMTPRIMME","RBMTPR2IMM","3.5","3.5","2.5356283423732","2.31794704128267","1"
"RBMTPRIMME","RBMTPR2DEL","3.5","3.5","2.12269940281721","2.30077821177839","1"
"RBMTPRIMME","RBMTPRDELA","3.5","3.5","2.16451131993216","2.34609784006069","1"
"RBMTPRIMME","TMTA","3.5","3.5","1.66360809845784","2.26409585309781","1"
"RBMTPRIMME","TMTB","3.5","3.5","1.63579301405068","2.35875510508201","1"
"RBMTPRIMME","STROOP_CAR","3.5","3.5","2.19959860381443","2.37086879543513","-1"
"RBMTPRIMME","STROOP_CAR","3.5","3.5","2.09789825732596","2.35557753342857","1"
"RBMTPRIMME","STROOP_CAR","3.5","3.5","1.04696973734475","1.31584134304418","1"
"RBMTPRIMME","LF_LETTER1","3.5","3.5","2.20485946627422","2.35557753342857","1"
"RBMTPRIMME","LF_LETTER2","3.5","3.5","2.29517204389533","2.32395163065264","1"
"RBMTPRIMME","LF_LETTER3","3.5","3.5","2.15772338954919","2.36787538445433","1"
"RBMTPRIMME","LF_TOTALLE","3.5","3.5","2.0825068636961","2.31948178266841","1"
"RBMTPRIMME","SFANIMAL","3.5","3.5","2.0226944354613","2.33610358517521","1"
"RBMTPRIMME","DARTRAW","3.5","3.5","1.84080740807227","2.34394530673065","1"
"RBMTPRIMME","HADS_ANXIE","3.5","3.5","2.73597837032007","2.37134440146704","-1"
"RBMTPRIMME","HADS_DEPRE","3.5","3.5","2.18543653554101","2.00538636641974","1"
"RBMTPRIMME","HADS_TOTAL","3.5","3.5","2.63794230592774","2.25809725657596","1"
"RBMTPRDELA","AVLTTOTAL","3.5","3.5","1.39361050743391","2.10454019196945","1"
"RBMTPRDELA","AVLT_DELRE","3.5","3.5","1.81585871995477","2.18195926833275","1"
"RBMTPRDELA","AVLTRECOGN","3.5","3.5","2.16424647299332","2.1764188378583","1"
"RBMTPRDELA","RBMTPR1IMM","3.5","3.5","2.62225024612833","2.18073648375696","1"
"RBMTPRDELA","RBMTPR1DEL","3.5","3.5","2.47799381195859","2.17402008625219","1"
"RBMTPRDELA","RBMTPR2IMM","3.5","3.5","2.57224869407316","2.16942484198246","1"
"RBMTPRDELA","RBMTPR2DEL","3.5","3.5","2.16704422862556","2.16704422862556","1"
"RBMTPRDELA","RBMTPRIMME","3.5","3.5","2.34609784006069","2.16451131993216","1"
"RBMTPRDELA","TMTA","3.5","3.5","1.66252176625472","2.08749221774117","1"
"RBMTPRDELA","TMTB","3.5","3.5","1.6368050201851","2.17753525006768","1"
"RBMTPRDELA","STROOP_CAR","3.5","3.5","1.14123791968308","1.13489065650353","1"
"RBMTPRDELA","STROOP_CAR","3.5","3.5","2.09475178851245","2.16999779713805","1"
"RBMTPRDELA","STROOP_CAR","3.5","3.5","1.88636387050898","2.18730129732169","1"
"RBMTPRDELA","LF_LETTER1","3.5","3.5","2.21698477947991","2.18520881240909","1"
"RBMTPRDELA","LF_LETTER2","3.5","3.5","2.28924181476524","2.13853937554872","1"
"RBMTPRDELA","LF_LETTER3","3.5","3.5","2.12322805140446","2.14967823098028","1"
"RBMTPRDELA","LF_TOTALLE","3.5","3.5","2.07143784953741","2.12858096262809","1"
"RBMTPRDELA","SFANIMAL","3.5","3.5","2.0505494292008","2.18497162062636","1"
"RBMTPRDELA","DARTRAW","3.5","3.5","1.83365335942745","2.15412102934053","1"
"RBMTPRDELA","HADS_ANXIE","3.5","3.5","2.39621903569992","1.91611790511246","1"
"RBMTPRDELA","HADS_DEPRE","3.5","3.5","2.18214881281982","1.84738734721678","1"
"RBMTPRDELA","HADS_TOTAL","3.5","3.5","2.73051061073052","2.15642799115997","1"
"TMTA","AVLTTOTAL","3.5","3.5","1.43733534728371","1.72868710686824","1"
"TMTA","AVLT_DELRE","3.5","3.5","1.7988252658132","1.72145643717607","1"
"TMTA","AVLTRECOGN","3.5","3.5","2.14658073337426","1.7191962678993","1"
"TMTA","RBMTPR1IMM","3.5","3.5","2.60234881086793","1.72360218915159","1"
"TMTA","RBMTPR1DEL","3.5","3.5","2.47993420070737","1.7327901382764","1"
"TMTA","RBMTPR2IMM","3.5","3.5","2.59459101750238","1.7427818910016","1"
"TMTA","RBMTPR2DEL","3.5","3.5","2.18162093544013","1.737487814355","1"
"TMTA","RBMTPRIMME","3.5","3.5","2.26409585309781","1.66360809845784","1"
"TMTA","RBMTPRDELA","3.5","3.5","2.08749221774117","1.66252176625472","1"
"TMTA","TMTB","3.5","3.5","1.63630649760008","1.7337056938858","1"
"TMTA","STROOP_CAR","3.5","3.5","1.85631530261634","1.4701852007373","1"
"TMTA","STROOP_CAR","3.5","3.5","2.10807498854126","1.73922293376753","1"
"TMTA","STROOP_CAR","3.5","3.5","1.85673291053048","1.71464829091791","1"
"TMTA","LF_LETTER1","3.5","3.5","1.221625896583","0.958983063249281","1"
"TMTA","LF_LETTER2","3.5","3.5","2.32382392715169","1.72890557589551","-1"
"TMTA","LF_LETTER3","3.5","3.5","2.09978123134853","1.69314183094015","1"
"TMTA","LF_TOTALLE","3.5","3.5","2.11731737160445","1.73279306733605","-1"
"TMTA","SFANIMAL","3.5","3.5","1.97091323197544","1.67257475705186","1"
"TMTA","DARTRAW","3.5","3.5","1.84304623436921","1.72437440061876","1"
"TMTA","HADS_ANXIE","3.5","3.5","2.66892178274626","1.69970689563089","1"
"TMTA","HADS_DEPRE","3.5","3.5","1.69787329178608","1.14477820431031","1"
"TMTA","HADS_TOTAL","3.5","3.5","2.76998267877316","1.7422505894757","1"
"TMTB","AVLTTOTAL","3.5","3.5","1.39765476412588","1.58652702954829","1"
"TMTB","AVLT_DELRE","3.5","3.5","1.77933148891097","1.60713811901636","1"
"TMTB","AVLTRECOGN","3.5","3.5","2.06813435362967","1.5633141570744","1"
"TMTB","RBMTPR1IMM","3.5","3.5","2.52452440425596","1.57812130200931","1"
"TMTB","RBMTPR1DEL","3.5","3.5","2.49074695732087","1.64257306704576","1"
"TMTB","RBMTPR2IMM","3.5","3.5","2.5860880301347","1.63948222287785","1"
"TMTB","RBMTPR2DEL","3.5","3.5","2.18509131808712","1.64248474916615","1"
"TMTB","RBMTPRIMME","3.5","3.5","2.35875510508201","1.63579301405068","1"
"TMTB","RBMTPRDELA","3.5","3.5","2.17753525006768","1.6368050201851","1"
"TMTB","TMTA","3.5","3.5","1.7337056938858","1.63630649760008","1"
"TMTB","STROOP_CAR","3.5","3.5","1.88362489794555","1.40800437310279","1"
"TMTB","STROOP_CAR","3.5","3.5","2.0983912919391","1.63397328874053","1"
"TMTB","STROOP_CAR","3.5","3.5","1.88284382371245","1.6410778852591","1"
"TMTB","LF_LETTER1","3.5","3.5","1.03364100045329","0.765828833852931","1"
"TMTB","LF_LETTER2","3.5","3.5","2.31381153142908","1.62474540137967","1"
"TMTB","LF_LETTER3","3.5","3.5","2.15605973401007","1.64085180210053","-1"
"TMTB","LF_TOTALLE","3.5","3.5","2.0959123892436","1.61891163858816","1"
"TMTB","SFANIMAL","3.5","3.5","2.01047861526208","1.61029991591909","1"
"TMTB","DARTRAW","3.5","3.5","1.83231276809185","1.61802126170529","1"
"TMTB","HADS_ANXIE","3.5","3.5","2.67197523881902","1.60605309524721","1"
"TMTB","HADS_DEPRE","3.5","3.5","2.49241578014403","1.58608276918257","1"
"TMTB","HADS_TOTAL","3.5","3.5","2.76983929183999","1.64428622271773","-1"
"STROOP_CAR","AVLTTOTAL","3.5","3.5","1.43638472166143","2.18126666346896","1"
"STROOP_CAR","AVLT_DELRE","3.5","3.5","1.80966560700398","2.18667927512981","1"
"STROOP_CAR","AVLTRECOGN","3.5","3.5","2.1575775720251","2.18184728599613","1"
"STROOP_CAR","RBMTPR1IMM","3.5","3.5","2.60466830299093","2.178229585478","1"
"STROOP_CAR","RBMTPR1DEL","3.5","3.5","2.47741670305594","2.18566988817202","1"
"STROOP_CAR","RBMTPR2IMM","3.5","3.5","2.59442505507844","2.20036615520332","-1"
"STROOP_CAR","RBMTPR2DEL","3.5","3.5","2.1868667668566","2.19909756532895","1"
"STROOP_CAR","RBMTPRIMME","3.5","3.5","2.37086879543513","2.19959860381443","-1"
"STROOP_CAR","RBMTPRDELA","3.5","3.5","1.13489065650353","1.14123791968308","1"
"STROOP_CAR","TMTA","3.5","3.5","1.4701852007373","1.85631530261634","1"
"STROOP_CAR","TMTB","3.5","3.5","1.40800437310279","1.88362489794555","1"
"STROOP_CAR","STROOP_CAR","3.5","3.5","2.07594406383768","2.1625419622133","1"
"STROOP_CAR","STROOP_CAR","3.5","3.5","1.86726497595093","2.177264868197","1"
"STROOP_CAR","LF_LETTER1","3.5","3.5","1.50535608505412","1.49207841285959","1"
"STROOP_CAR","LF_LETTER2","3.5","3.5","2.34215498159963","2.20020619483602","-1"
"STROOP_CAR","LF_LETTER3","3.5","3.5","2.11813466602385","2.15651536212394","1"
"STROOP_CAR","LF_TOTALLE","3.5","3.5","2.12882000242127","2.19978066916865","-1"
"STROOP_CAR","SFANIMAL","3.5","3.5","2.00194472843838","2.14511121676532","1"
"STROOP_CAR","DARTRAW","3.5","3.5","1.840219684555","2.17392575087378","1"
"STROOP_CAR","HADS_ANXIE","3.5","3.5","2.68883239580972","2.16212909108492","1"
"STROOP_CAR","HADS_DEPRE","3.5","3.5","2.5523524303066","2.17288336633109","1"
"STROOP_CAR","HADS_TOTAL","3.5","3.5","2.76840587286835","2.19858381599704","1"
"STROOP_CAR","AVLTTOTAL","3.5","3.5","0.698918797395926","1.01886304417683","1"
"STROOP_CAR","AVLT_DELRE","3.5","3.5","1.18782661051584","1.37781500655264","1"
"STROOP_CAR","AVLTRECOGN","3.5","3.5","2.17364230902548","2.11007121787288","1"
"STROOP_CAR","RBMTPR1IMM","3.5","3.5","2.59952189342527","2.0868719944428","1"
"STROOP_CAR","RBMTPR1DEL","3.5","3.5","2.4929769554613","2.11132395737301","1"
"STROOP_CAR","RBMTPR2IMM","3.5","3.5","2.5816055632655","2.10181660480955","1"
"STROOP_CAR","RBMTPR2DEL","3.5","3.5","2.17900537906258","2.10344702699218","1"
"STROOP_CAR","RBMTPRIMME","3.5","3.5","2.35557753342857","2.09789825732596","1"
"STROOP_CAR","RBMTPRDELA","3.5","3.5","2.16999779713805","2.09475178851245","1"
"STROOP_CAR","TMTA","3.5","3.5","1.73922293376753","2.10807498854126","1"
"STROOP_CAR","TMTB","3.5","3.5","1.63397328874053","2.0983912919391","1"
"STROOP_CAR","STROOP_CAR","3.5","3.5","2.1625419622133","2.07594406383768","1"
"STROOP_CAR","STROOP_CAR","3.5","3.5","1.87697866217981","2.10095017569543","1"
"STROOP_CAR","LF_LETTER1","3.5","3.5","2.21334472980336","2.10597188734322","1"
"STROOP_CAR","LF_LETTER2","3.5","3.5","1.56522324595566","1.41148135972804","1"
"STROOP_CAR","LF_LETTER3","3.5","3.5","2.15832145565685","2.10943535247096","1"
"STROOP_CAR","LF_TOTALLE","3.5","3.5","2.12595622752865","2.10885083259451","1"
"STROOP_CAR","SFANIMAL","3.5","3.5","2.02197234936053","2.07981184445547","1"
"STROOP_CAR","DARTRAW","3.5","3.5","1.84765574203193","2.09530473767878","1"
"STROOP_CAR","HADS_ANXIE","3.5","3.5","2.65861315588637","2.05222106755808","1"
"STROOP_CAR","HADS_DEPRE","3.5","3.5","2.58473766066089","2.11233769048328","-1"
"STROOP_CAR","HADS_TOTAL","3.5","3.5","2.74981271849715","2.09636782337724","1"
"STROOP_CAR","AVLTTOTAL","3.5","3.5","1.41612450819334","1.84431080374504","1"
"STROOP_CAR","AVLT_DELRE","3.5","3.5","1.8163977595605","1.88231542018971","-1"
"STROOP_CAR","AVLTRECOGN","3.5","3.5","2.14247129747499","1.85809377992488","1"
"STROOP_CAR","RBMTPR1IMM","3.5","3.5","2.63029601585631","1.88647277044206","-1"
"STROOP_CAR","RBMTPR1DEL","3.5","3.5","2.18948213283097","1.6566150386778","1"
"STROOP_CAR","RBMTPR2IMM","3.5","3.5","2.25147251597704","1.63762765077198","1"
"STROOP_CAR","RBMTPR2DEL","3.5","3.5","1.50255492746855","1.2958275716759","1"
"STROOP_CAR","RBMTPRIMME","3.5","3.5","1.31584134304418","1.04696973734475","1"
"STROOP_CAR","RBMTPRDELA","3.5","3.5","2.18730129732169","1.88636387050898","1"
"STROOP_CAR","TMTA","3.5","3.5","1.71464829091791","1.85673291053048","1"
"STROOP_CAR","TMTB","3.5","3.5","1.6410778852591","1.88284382371245","1"
"STROOP_CAR","STROOP_CAR","3.5","3.5","2.177264868197","1.86726497595093","1"
"STROOP_CAR","STROOP_CAR","3.5","3.5","2.10095017569543","1.87697866217981","1"
"STROOP_CAR","LF_LETTER1","3.5","3.5","2.19397151001517","1.86499673012315","1"
"STROOP_CAR","LF_LETTER2","3.5","3.5","1.46881386235335","1.18333906778938","1"
"STROOP_CAR","LF_LETTER3","3.5","3.5","1.24327914388771","1.08558122303219","1"
"STROOP_CAR","LF_TOTALLE","3.5","3.5","2.09705716767187","1.85842652445403","1"
"STROOP_CAR","SFANIMAL","3.5","3.5","2.04003510305551","1.87469256788534","1"
"STROOP_CAR","DARTRAW","3.5","3.5","1.8497225182651","1.87402899025282","1"
"STROOP_CAR","HADS_ANXIE","3.5","3.5","2.64826661399314","1.82630908710976","1"
"STROOP_CAR","HADS_DEPRE","3.5","3.5","2.57546390621315","1.88038131788858","-1"
"STROOP_CAR","HADS_TOTAL","3.5","3.5","2.77034949274247","1.88687231351983","1"
"LF_LETTER1","AVLTTOTAL","3.5","3.5","1.43560239229791","2.19947866522669","1"
"LF_LETTER1","AVLT_DELRE","3.5","3.5","1.80818438215806","2.20433230459323","1"
"LF_LETTER1","AVLTRECOGN","3.5","3.5","2.17506806858947","2.21910769202548","1"
"LF_LETTER1","RBMTPR1IMM","3.5","3.5","2.61564950910063","2.20687823698072","1"
"LF_LETTER1","RBMTPR1DEL","3.5","3.5","2.44929956638873","2.18009294083864","1"
"LF_LETTER1","RBMTPR2IMM","3.5","3.5","2.54934019638489","2.18136939445386","1"
"LF_LETTER1","RBMTPR2DEL","3.5","3.5","2.18485356983192","2.21662437118295","1"
"LF_LETTER1","RBMTPRIMME","3.5","3.5","2.35557753342857","2.20485946627422","1"
"LF_LETTER1","RBMTPRDELA","3.5","3.5","2.18520881240909","2.21698477947991","1"
"LF_LETTER1","TMTA","3.5","3.5","0.958983063249282","1.221625896583","1"
"LF_LETTER1","TMTB","3.5","3.5","0.765828833852932","1.03364100045329","1"
"LF_LETTER1","STROOP_CAR","3.5","3.5","1.49207841285959","1.50535608505412","1"
"LF_LETTER1","STROOP_CAR","3.5","3.5","2.10597188734322","2.21334472980336","1"
"LF_LETTER1","STROOP_CAR","3.5","3.5","1.86499673012315","2.19397151001517","1"
"LF_LETTER1","LF_LETTER2","3.5","3.5","2.33606878096562","2.2140171205181","1"
"LF_LETTER1","LF_LETTER3","3.5","3.5","2.15605735743072","2.21465914291015","1"
"LF_LETTER1","LF_TOTALLE","3.5","3.5","2.1144091565558","2.20433230459323","1"
"LF_LETTER1","SFANIMAL","3.5","3.5","2.04050611263249","2.20588682259556","1"
"LF_LETTER1","DARTRAW","3.5","3.5","1.85358715305036","2.20920308517303","-1"
"LF_LETTER1","HADS_ANXIE","3.5","3.5","2.7118987904635","2.20008247133309","1"
"LF_LETTER1","HADS_DEPRE","3.5","3.5","2.58365669020596","2.21910664584925","-1"
"LF_LETTER1","HADS_TOTAL","3.5","3.5","2.76968493227971","2.21917335121705","1"
"LF_LETTER2","AVLTTOTAL","3.5","3.5","1.42944408791627","2.31077363536465","1"
"LF_LETTER2","AVLT_DELRE","3.5","3.5","1.78830115543986","2.30027447010207","1"
"LF_LETTER2","AVLTRECOGN","3.5","3.5","2.13807871187374","2.30162129050976","1"
"LF_LETTER2","RBMTPR1IMM","3.5","3.5","2.62842011496332","2.3399051628092","1"
"LF_LETTER2","RBMTPR1DEL","3.5","3.5","2.47827858018178","2.32749028580369","1"
"LF_LETTER2","RBMTPR2IMM","3.5","3.5","2.58312323872284","2.33212164099788","1"
"LF_LETTER2","RBMTPR2DEL","3.5","3.5","2.18055297151264","2.33421610037762","1"
"LF_LETTER2","RBMTPRIMME","3.5","3.5","2.32395163065264","2.29517204389533","1"
"LF_LETTER2","RBMTPRDELA","3.5","3.5","2.13853937554872","2.28924181476524","1"
"LF_LETTER2","TMTA","3.5","3.5","1.72890557589551","2.32382392715169","-1"
"LF_LETTER2","TMTB","3.5","3.5","1.62474540137967","2.31381153142908","1"
"LF_LETTER2","STROOP_CAR","3.5","3.5","2.20020619483602","2.34215498159963","-1"
"LF_LETTER2","STROOP_CAR","3.5","3.5","1.41148135972804","1.56522324595566","1"
"LF_LETTER2","STROOP_CAR","3.5","3.5","1.18333906778938","1.46881386235335","1"
"LF_LETTER2","LF_LETTER1","3.5","3.5","2.2140171205181","2.33606878096562","1"
"LF_LETTER2","LF_LETTER3","3.5","3.5","2.12914804545899","2.30758174349292","1"
"LF_LETTER2","LF_TOTALLE","3.5","3.5","2.09927557643935","2.30920313408329","1"
"LF_LETTER2","SFANIMAL","3.5","3.5","2.04315768770428","2.33051478800119","1"
"LF_LETTER2","DARTRAW","3.5","3.5","1.86273162211187","2.34248904383845","-1"
"LF_LETTER2","HADS_ANXIE","3.5","3.5","2.72759096008546","2.33479834418765","1"
"LF_LETTER2","HADS_DEPRE","3.5","3.5","2.18866627467418","1.98347881142347","1"
"LF_LETTER2","HADS_TOTAL","3.5","3.5","2.76924732634965","2.34113930328323","1"
"LF_LETTER3","AVLTTOTAL","3.5","3.5","1.43560239229791","2.14127856824164","1"
"LF_LETTER3","AVLT_DELRE","3.5","3.5","1.80133827967508","2.1378786303133","1"
"LF_LETTER3","AVLTRECOGN","3.5","3.5","2.14836533448724","2.13386568093615","1"
"LF_LETTER3","RBMTPR1IMM","3.5","3.5","2.60234881086793","2.13755720929896","1"
"LF_LETTER3","RBMTPR1DEL","3.5","3.5","2.49320578267935","2.1604521159037","1"
"LF_LETTER3","RBMTPR2IMM","3.5","3.5","2.58711054187105","2.15511189478503","1"
"LF_LETTER3","RBMTPR2DEL","3.5","3.5","2.18195926833275","2.15511189478503","1"
"LF_LETTER3","RBMTPRIMME","3.5","3.5","2.36787538445433","2.15772338954919","1"
"LF_LETTER3","RBMTPRDELA","3.5","3.5","2.14967823098028","2.12322805140446","1"
"LF_LETTER3","TMTA","3.5","3.5","1.69314183094015","2.09978123134853","1"
"LF_LETTER3","TMTB","3.5","3.5","1.64085180210053","2.15605973401007","-1"
"LF_LETTER3","STROOP_CAR","3.5","3.5","2.15651536212394","2.11813466602385","1"
"LF_LETTER3","STROOP_CAR","3.5","3.5","2.10943535247096","2.15832145565685","1"
"LF_LETTER3","STROOP_CAR","3.5","3.5","1.08558122303219","1.24327914388771","1"
"LF_LETTER3","LF_LETTER1","3.5","3.5","2.21465914291015","2.15605735743072","1"
"LF_LETTER3","LF_LETTER2","3.5","3.5","2.30758174349292","2.12914804545899","1"
"LF_LETTER3","LF_TOTALLE","3.5","3.5","2.10886854463562","2.1403803734635","1"
"LF_LETTER3","SFANIMAL","3.5","3.5","2.03729588775444","2.14413858031844","1"
"LF_LETTER3","DARTRAW","3.5","3.5","1.57373828847847","1.82603273157226","1"
"LF_LETTER3","HADS_ANXIE","3.5","3.5","2.73591940983888","2.16083795964913","-1"
"LF_LETTER3","HADS_DEPRE","3.5","3.5","1.71261859363435","1.43204755509388","1"
"LF_LETTER3","HADS_TOTAL","3.5","3.5","2.76197082144915","2.15443483687244","1"
"LF_TOTALLE","AVLTTOTAL","3.5","3.5","1.44059021183809","2.11708358834315","1"
"LF_TOTALLE","AVLT_DELRE","3.5","3.5","1.79766392274198","2.10210700643215","1"
"LF_TOTALLE","AVLTRECOGN","3.5","3.5","2.15008331839758","2.1041310315027","1"
"LF_TOTALLE","RBMTPR1IMM","3.5","3.5","2.62041057099607","2.1207043690852","1"
"LF_TOTALLE","RBMTPR1DEL","3.5","3.5","2.47209287159541","2.11061903659274","1"
"LF_TOTALLE","RBMTPR2IMM","3.5","3.5","2.58408261826522","2.12089799801013","1"
"LF_TOTALLE","RBMTPR2DEL","3.5","3.5","2.17476295172364","2.11638005369079","1"
"LF_TOTALLE","RBMTPRIMME","3.5","3.5","2.31948178266841","2.0825068636961","1"
"LF_TOTALLE","RBMTPRDELA","3.5","3.5","2.12858096262809","2.07143784953741","1"
"LF_TOTALLE","TMTA","3.5","3.5","1.73279306733605","2.11731737160445","-1"
"LF_TOTALLE","TMTB","3.5","3.5","1.61891163858816","2.0959123892436","1"
"LF_TOTALLE","STROOP_CAR","3.5","3.5","2.19978066916865","2.12882000242127","-1"
"LF_TOTALLE","STROOP_CAR","3.5","3.5","2.10885083259451","2.12595622752865","1"
"LF_TOTALLE","STROOP_CAR","3.5","3.5","1.85842652445403","2.09705716767187","1"
"LF_TOTALLE","LF_LETTER1","3.5","3.5","2.20433230459323","2.1144091565558","1"
"LF_TOTALLE","LF_LETTER2","3.5","3.5","2.30920313408329","2.09927557643935","1"
"LF_TOTALLE","LF_LETTER3","3.5","3.5","2.1403803734635","2.10886854463562","1"
"LF_TOTALLE","SFANIMAL","3.5","3.5","2.03513692772708","2.11033269025335","1"
"LF_TOTALLE","DARTRAW","3.5","3.5","1.7550934301248","2.00648000553032","1"
"LF_TOTALLE","HADS_ANXIE","3.5","3.5","2.73623121049053","2.12926757882537","1"
"LF_TOTALLE","HADS_DEPRE","3.5","3.5","2.48810429397272","2.04985865128434","1"
"LF_TOTALLE","HADS_TOTAL","3.5","3.5","2.76105446886913","2.12201182678105","-1"
"SFANIMAL","AVLTTOTAL","3.5","3.5","1.44331605814066","2.04551042699326","1"
"SFANIMAL","AVLT_DELRE","3.5","3.5","1.81027277653104","2.04142319826552","1"
"SFANIMAL","AVLTRECOGN","3.5","3.5","2.17225743262666","2.05008322381751","1"
"SFANIMAL","RBMTPR1IMM","3.5","3.5","2.6201686605059","2.04495023829251","1"
"SFANIMAL","RBMTPR1DEL","3.5","3.5","2.43970969183229","2.00875017806407","1"
"SFANIMAL","RBMTPR2IMM","3.5","3.5","2.51814519813577","1.99313568041124","1"
"SFANIMAL","RBMTPR2DEL","3.5","3.5","2.18810088734278","2.05348617950849","-1"
"SFANIMAL","RBMTPRIMME","3.5","3.5","2.33610358517521","2.0226944354613","1"
"SFANIMAL","RBMTPRDELA","3.5","3.5","2.18497162062636","2.0505494292008","1"
"SFANIMAL","TMTA","3.5","3.5","1.67257475705186","1.97091323197544","1"
"SFANIMAL","TMTB","3.5","3.5","1.61029991591909","2.01047861526208","1"
"SFANIMAL","STROOP_CAR","3.5","3.5","2.14511121676532","2.00194472843838","1"
"SFANIMAL","STROOP_CAR","3.5","3.5","2.07981184445547","2.02197234936053","1"
"SFANIMAL","STROOP_CAR","3.5","3.5","1.87469256788534","2.04003510305551","1"
"SFANIMAL","LF_LETTER1","3.5","3.5","2.20588682259556","2.04050611263249","1"
"SFANIMAL","LF_LETTER2","3.5","3.5","2.33051478800119","2.04315768770428","1"
"SFANIMAL","LF_LETTER3","3.5","3.5","2.14413858031844","2.03729588775444","1"
"SFANIMAL","LF_TOTALLE","3.5","3.5","2.11033269025335","2.03513692772708","1"
"SFANIMAL","DARTRAW","3.5","3.5","1.8295181485714","2.01703774855637","1"
"SFANIMAL","HADS_ANXIE","3.5","3.5","2.68512661262479","2.01504582110215","1"
"SFANIMAL","HADS_DEPRE","3.5","3.5","2.55596678599122","2.03073497485477","1"
"SFANIMAL","HADS_TOTAL","3.5","3.5","2.77081491867975","2.05363402541723","1"
"DARTRAW","AVLTTOTAL","3.5","3.5","1.44662768585858","1.85960079212564","1"
"DARTRAW","AVLT_DELRE","3.5","3.5","1.7740057498911","1.81454082750958","1"
"DARTRAW","AVLTRECOGN","3.5","3.5","2.14621933439316","1.83720237736017","1"
"DARTRAW","RBMTPR1IMM","3.5","3.5","2.5491329359894","1.80454899003529","1"
"DARTRAW","RBMTPR1DEL","3.5","3.5","2.42739084017527","1.81280120645082","1"
"DARTRAW","RBMTPR2IMM","3.5","3.5","2.5039722820919","1.79766311950183","1"
"DARTRAW","RBMTPR2DEL","3.5","3.5","2.1280636817282","1.81147255234358","1"
"DARTRAW","RBMTPRIMME","3.5","3.5","2.34394530673065","1.84080740807227","1"
"DARTRAW","RBMTPRDELA","3.5","3.5","2.15412102934053","1.83365335942745","1"
"DARTRAW","TMTA","3.5","3.5","1.72437440061876","1.84304623436921","1"
"DARTRAW","TMTB","3.5","3.5","1.61802126170529","1.83231276809185","1"
"DARTRAW","STROOP_CAR","3.5","3.5","2.17392575087378","1.840219684555","1"
"DARTRAW","STROOP_CAR","3.5","3.5","2.09530473767878","1.84765574203193","1"
"DARTRAW","STROOP_CAR","3.5","3.5","1.87402899025282","1.8497225182651","1"
"DARTRAW","LF_LETTER1","3.5","3.5","2.20920308517303","1.85358715305036","-1"
"DARTRAW","LF_LETTER2","3.5","3.5","2.34248904383845","1.86273162211187","-1"
"DARTRAW","LF_LETTER3","3.5","3.5","1.82603273157226","1.57373828847847","1"
"DARTRAW","LF_TOTALLE","3.5","3.5","2.00648000553033","1.7550934301248","1"
"DARTRAW","SFANIMAL","3.5","3.5","2.01703774855637","1.8295181485714","1"
"DARTRAW","HADS_ANXIE","3.5","3.5","2.6893458439983","1.83058335177344","1"
"DARTRAW","HADS_DEPRE","3.5","3.5","2.58314463736082","1.86152752749203","1"
"DARTRAW","HADS_TOTAL","3.5","3.5","2.6027524339266","1.74973021397363","1"
"HADS_ANXIE","AVLTTOTAL","3.5","3.5","1.42459363935852","2.69036433919397","1"
"HADS_ANXIE","AVLT_DELRE","3.5","3.5","1.78580633779517","2.68351006136424","1"
"HADS_ANXIE","AVLTRECOGN","3.5","3.5","2.125164958144","2.67259215208661","1"
"HADS_ANXIE","RBMTPR1IMM","3.5","3.5","2.58440474338272","2.68778093311803","1"
"HADS_ANXIE","RBMTPR1DEL","3.5","3.5","2.46898325650954","2.70885503511057","1"
"HADS_ANXIE","RBMTPR2IMM","3.5","3.5","2.59096562906237","2.73273544650163","-1"
"HADS_ANXIE","RBMTPR2DEL","3.5","3.5","2.18810088734278","2.73634987924969","-1"
"HADS_ANXIE","RBMTPRIMME","3.5","3.5","2.37134440146704","2.73597837032007","-1"
"HADS_ANXIE","RBMTPRDELA","3.5","3.5","1.91611790511246","2.39621903569992","1"
"HADS_ANXIE","TMTA","3.5","3.5","1.69970689563089","2.66892178274626","1"
"HADS_ANXIE","TMTB","3.5","3.5","1.60605309524721","2.67197523881902","1"
"HADS_ANXIE","STROOP_CAR","3.5","3.5","2.16212909108492","2.68883239580972","1"
"HADS_ANXIE","STROOP_CAR","3.5","3.5","2.05222106755808","2.65861315588637","1"
"HADS_ANXIE","STROOP_CAR","3.5","3.5","1.82630908710976","2.64826661399314","1"
"HADS_ANXIE","LF_LETTER1","3.5","3.5","2.20008247133309","2.7118987904635","1"
"HADS_ANXIE","LF_LETTER2","3.5","3.5","2.33479834418765","2.72759096008546","1"
"HADS_ANXIE","LF_LETTER3","3.5","3.5","2.16083795964913","2.73591940983888","-1"
"HADS_ANXIE","LF_TOTALLE","3.5","3.5","2.12926757882537","2.73623121049053","1"
"HADS_ANXIE","SFANIMAL","3.5","3.5","2.01504582110215","2.68512661262479","1"
"HADS_ANXIE","DARTRAW","3.5","3.5","1.83058335177344","2.6893458439983","1"
"HADS_ANXIE","HADS_DEPRE","3.5","3.5","2.58469133259422","2.73644404340941","1"
"HADS_ANXIE","HADS_TOTAL","3.5","3.5","0.975309868125256","0.963247731947028","1"
"HADS_DEPRE","AVLTTOTAL","3.5","3.5","1.42432472542939","2.54068734806324","1"
"HADS_DEPRE","AVLT_DELRE","3.5","3.5","1.77893705849231","2.52494292173103","1"
"HADS_DEPRE","AVLTRECOGN","3.5","3.5","2.11027133653991","2.50668901168295","1"
"HADS_DEPRE","RBMTPR1IMM","3.5","3.5","2.60541600328912","2.55936679020773","1"
"HADS_DEPRE","RBMTPR1DEL","3.5","3.5","2.48864872391249","2.57901182772482","1"
"HADS_DEPRE","RBMTPR2IMM","3.5","3.5","2.58336322238955","2.5736146819277","-1"
"HADS_DEPRE","RBMTPR2DEL","3.5","3.5","2.18694589448125","2.58323810354833","-1"
"HADS_DEPRE","RBMTPRIMME","3.5","3.5","2.00538636641974","2.18543653554101","1"
"HADS_DEPRE","RBMTPRDELA","3.5","3.5","1.84738734721678","2.18214881281982","1"
"HADS_DEPRE","TMTA","3.5","3.5","1.14477820431031","1.69787329178608","1"
"HADS_DEPRE","TMTB","3.5","3.5","1.58608276918257","2.49241578014403","1"
"HADS_DEPRE","STROOP_CAR","3.5","3.5","2.17288336633109","2.5523524303066","1"
"HADS_DEPRE","STROOP_CAR","3.5","3.5","2.11233769048328","2.58473766066089","-1"
"HADS_DEPRE","STROOP_CAR","3.5","3.5","1.88038131788858","2.57546390621315","-1"
"HADS_DEPRE","LF_LETTER1","3.5","3.5","2.21910664584925","2.58365669020596","-1"
"HADS_DEPRE","LF_LETTER2","3.5","3.5","1.98347881142347","2.18866627467418","1"
"HADS_DEPRE","LF_LETTER3","3.5","3.5","1.43204755509388","1.71261859363435","1"
"HADS_DEPRE","LF_TOTALLE","3.5","3.5","2.04985865128434","2.48810429397272","1"
"HADS_DEPRE","SFANIMAL","3.5","3.5","2.03073497485477","2.55596678599122","1"
"HADS_DEPRE","DARTRAW","3.5","3.5","1.86152752749203","2.58314463736082","1"
"HADS_DEPRE","HADS_ANXIE","3.5","3.5","2.73644404340941","2.58469133259422","1"
"HADS_DEPRE","HADS_TOTAL","3.5","3.5","1.56991473479704","1.46451409889194","1"
"HADS_TOTAL","AVLTTOTAL","3.5","3.5","1.44465278946371","2.76241040147453","1"
"HADS_TOTAL","AVLT_DELRE","3.5","3.5","1.2504483960141","1.90256395737629","1"
"HADS_TOTAL","AVLTRECOGN","3.5","3.5","2.09884304950659","2.67254255572718","1"
"HADS_TOTAL","RBMTPR1IMM","3.5","3.5","2.60541600328912","2.74356364253329","1"
"HADS_TOTAL","RBMTPR1DEL","3.5","3.5","2.49305573991329","2.76951825081633","1"
"HADS_TOTAL","RBMTPR2IMM","3.5","3.5","2.59386380481776","2.77005078023935","1"
"HADS_TOTAL","RBMTPR2DEL","3.5","3.5","2.18365791560793","2.76498966495322","1"
"HADS_TOTAL","RBMTPRIMME","3.5","3.5","2.25809725657596","2.63794230592774","1"
"HADS_TOTAL","RBMTPRDELA","3.5","3.5","2.15642799115997","2.73051061073052","1"
"HADS_TOTAL","TMTA","3.5","3.5","1.7422505894757","2.76998267877316","1"
"HADS_TOTAL","TMTB","3.5","3.5","1.64428622271773","2.76983929183999","-1"
"HADS_TOTAL","STROOP_CAR","3.5","3.5","2.19858381599704","2.76840587286835","1"
"HADS_TOTAL","STROOP_CAR","3.5","3.5","2.09636782337724","2.74981271849715","1"
"HADS_TOTAL","STROOP_CAR","3.5","3.5","1.88687231351983","2.77034949274247","1"
"HADS_TOTAL","LF_LETTER1","3.5","3.5","2.21917335121705","2.76968493227971","1"
"HADS_TOTAL","LF_LETTER2","3.5","3.5","2.34113930328323","2.76924732634965","1"
"HADS_TOTAL","LF_LETTER3","3.5","3.5","2.15443483687244","2.76197082144915","1"
"HADS_TOTAL","LF_TOTALLE","3.5","3.5","2.12201182678105","2.76105446886913","-1"
"HADS_TOTAL","SFANIMAL","3.5","3.5","2.05363402541723","2.77081491867975","1"
"HADS_TOTAL","DARTRAW","3.5","3.5","1.74973021397363","2.6027524339266","1"
"HADS_TOTAL","HADS_ANXIE","3.5","3.5","0.963247731947029","0.975309868125256","1"
"HADS_TOTAL","HADS_DEPRE","3.5","3.5","1.46451409889194","1.56991473479704","1"
